"Category","Name","RelativePath","FullPath"
"Bluetooth","bt_trigger.fap","Bluetooth/bt_trigger.fap","C:\Users\VIP\Desktop\all-the-apps-extra\extra_pack_build\artifacts-extra\Bluetooth\bt_trigger.fap"
"Bluetooth","btremote_kodi.fap","Bluetooth/btremote_kodi.fap","C:\Users\VIP\Desktop\all-the-apps-extra\extra_pack_build\artifacts-extra\Bluetooth\btremote_kodi.fap"
"Bluetooth","claude_remote_ble.fap","Bluetooth/claude_remote_ble.fap","C:\Users\VIP\Desktop\all-the-apps-extra\extra_pack_build\artifacts-extra\Bluetooth\claude_remote_ble.fap"
"Bluetooth","pc_monitor.fap","Bluetooth/pc_monitor.fap","C:\Users\VIP\Desktop\all-the-apps-extra\extra_pack_build\artifacts-extra\Bluetooth\pc_monitor.fap"
"Games","4inrow.fap","Games/4inrow.fap","C:\Users\VIP\Desktop\all-the-apps-extra\extra_pack_build\artifacts-extra\Games\4inrow.fap"
"Games","air_labyrinth.fap","Games/air_labyrinth.fap","C:\Users\VIP\Desktop\all-the-apps-extra\extra_pack_build\artifacts-extra\Games\air_labyrinth.fap"
"Games","arddrivin.fap","Games/arddrivin.fap","C:\Users\VIP\Desktop\all-the-apps-extra\extra_pack_build\artifacts-extra\Games\arddrivin.fap"
"Games","ardugolf.fap","Games/ardugolf.fap","C:\Users\VIP\Desktop\all-the-apps-extra\extra_pack_build\artifacts-extra\Games\ardugolf.fap"
"Games","arduventure.fap","Games/arduventure.fap","C:\Users\VIP\Desktop\all-the-apps-extra\extra_pack_build\artifacts-extra\Games\arduventure.fap"
"Games","asteroids.fap","Games/asteroids.fap","C:\Users\VIP\Desktop\all-the-apps-extra\extra_pack_build\artifacts-extra\Games\asteroids.fap"
"Games","catacombs.fap","Games/catacombs.fap","C:\Users\VIP\Desktop\all-the-apps-extra\extra_pack_build\artifacts-extra\Games\catacombs.fap"
"Games","chess_clock.fap","Games/chess_clock.fap","C:\Users\VIP\Desktop\all-the-apps-extra\extra_pack_build\artifacts-extra\Games\chess_clock.fap"
"Games","chess.fap","Games/chess.fap","C:\Users\VIP\Desktop\all-the-apps-extra\extra_pack_build\artifacts-extra\Games\chess.fap"
"Games","citybloxx.fap","Games/citybloxx.fap","C:\Users\VIP\Desktop\all-the-apps-extra\extra_pack_build\artifacts-extra\Games\citybloxx.fap"
"Games","color_guess.fap","Games/color_guess.fap","C:\Users\VIP\Desktop\all-the-apps-extra\extra_pack_build\artifacts-extra\Games\color_guess.fap"
"Games","dice_app.fap","Games/dice_app.fap","C:\Users\VIP\Desktop\all-the-apps-extra\extra_pack_build\artifacts-extra\Games\dice_app.fap"
"Games","doom2.fap","Games/doom2.fap","C:\Users\VIP\Desktop\all-the-apps-extra\extra_pack_build\artifacts-extra\Games\doom2.fap"
"Games","drifter.fap","Games/drifter.fap","C:\Users\VIP\Desktop\all-the-apps-extra\extra_pack_build\artifacts-extra\Games\drifter.fap"
"Games","dvd_bounce.fap","Games/dvd_bounce.fap","C:\Users\VIP\Desktop\all-the-apps-extra\extra_pack_build\artifacts-extra\Games\dvd_bounce.fap"
"Games","etch.fap","Games/etch.fap","C:\Users\VIP\Desktop\all-the-apps-extra\extra_pack_build\artifacts-extra\Games\etch.fap"
"Games","fighterjet.fap","Games/fighterjet.fap","C:\Users\VIP\Desktop\all-the-apps-extra\extra_pack_build\artifacts-extra\Games\fighterjet.fap"
"Games","flipper_hero.fap","Games/flipper_hero.fap","C:\Users\VIP\Desktop\all-the-apps-extra\extra_pack_build\artifacts-extra\Games\flipper_hero.fap"
"Games","flipper_pong.fap","Games/flipper_pong.fap","C:\Users\VIP\Desktop\all-the-apps-extra\extra_pack_build\artifacts-extra\Games\flipper_pong.fap"
"Games","furious_birds.fap","Games/furious_birds.fap","C:\Users\VIP\Desktop\all-the-apps-extra\extra_pack_build\artifacts-extra\Games\furious_birds.fap"
"Games","game_vexed.fap","Games/game_vexed.fap","C:\Users\VIP\Desktop\all-the-apps-extra\extra_pack_build\artifacts-extra\Games\game_vexed.fap"
"Games","gameoflife.fap","Games/gameoflife.fap","C:\Users\VIP\Desktop\all-the-apps-extra\extra_pack_build\artifacts-extra\Games\gameoflife.fap"
"Games","hangman.fap","Games/hangman.fap","C:\Users\VIP\Desktop\all-the-apps-extra\extra_pack_build\artifacts-extra\Games\hangman.fap"
"Games","laser_tag.fap","Games/laser_tag.fap","C:\Users\VIP\Desktop\all-the-apps-extra\extra_pack_build\artifacts-extra\Games\laser_tag.fap"
"Games","mandelbrotset.fap","Games/mandelbrotset.fap","C:\Users\VIP\Desktop\all-the-apps-extra\extra_pack_build\artifacts-extra\Games\mandelbrotset.fap"
"Games","matagotchi.fap","Games/matagotchi.fap","C:\Users\VIP\Desktop\all-the-apps-extra\extra_pack_build\artifacts-extra\Games\matagotchi.fap"
"Games","microcity.fap","Games/microcity.fap","C:\Users\VIP\Desktop\all-the-apps-extra\extra_pack_build\artifacts-extra\Games\microcity.fap"
"Games","microtd.fap","Games/microtd.fap","C:\Users\VIP\Desktop\all-the-apps-extra\extra_pack_build\artifacts-extra\Games\microtd.fap"
"Games","montyhall.fap","Games/montyhall.fap","C:\Users\VIP\Desktop\all-the-apps-extra\extra_pack_build\artifacts-extra\Games\montyhall.fap"
"Games","myblab.fap","Games/myblab.fap","C:\Users\VIP\Desktop\all-the-apps-extra\extra_pack_build\artifacts-extra\Games\myblab.fap"
"Games","nupogodi.fap","Games/nupogodi.fap","C:\Users\VIP\Desktop\all-the-apps-extra\extra_pack_build\artifacts-extra\Games\nupogodi.fap"
"Games","oregon_trail.fap","Games/oregon_trail.fap","C:\Users\VIP\Desktop\all-the-apps-extra\extra_pack_build\artifacts-extra\Games\oregon_trail.fap"
"Games","paint.fap","Games/paint.fap","C:\Users\VIP\Desktop\all-the-apps-extra\extra_pack_build\artifacts-extra\Games\paint.fap"
"Games","paper_plane.fap","Games/paper_plane.fap","C:\Users\VIP\Desktop\all-the-apps-extra\extra_pack_build\artifacts-extra\Games\paper_plane.fap"
"Games","pinball0.fap","Games/pinball0.fap","C:\Users\VIP\Desktop\all-the-apps-extra\extra_pack_build\artifacts-extra\Games\pinball0.fap"
"Games","princeofarabia.fap","Games/princeofarabia.fap","C:\Users\VIP\Desktop\all-the-apps-extra\extra_pack_build\artifacts-extra\Games\princeofarabia.fap"
"Games","quadrastic.fap","Games/quadrastic.fap","C:\Users\VIP\Desktop\all-the-apps-extra\extra_pack_build\artifacts-extra\Games\quadrastic.fap"
"Games","race_game.fap","Games/race_game.fap","C:\Users\VIP\Desktop\all-the-apps-extra\extra_pack_build\artifacts-extra\Games\race_game.fap"
"Games","racegame.fap","Games/racegame.fap","C:\Users\VIP\Desktop\all-the-apps-extra\extra_pack_build\artifacts-extra\Games\racegame.fap"
"Games","racso_sokoban.fap","Games/racso_sokoban.fap","C:\Users\VIP\Desktop\all-the-apps-extra\extra_pack_build\artifacts-extra\Games\racso_sokoban.fap"
"Games","racso_ultimate_tic_tac_toe.fap","Games/racso_ultimate_tic_tac_toe.fap","C:\Users\VIP\Desktop\all-the-apps-extra\extra_pack_build\artifacts-extra\Games\racso_ultimate_tic_tac_toe.fap"
"Games","racso_zero.fap","Games/racso_zero.fap","C:\Users\VIP\Desktop\all-the-apps-extra\extra_pack_build\artifacts-extra\Games\racso_zero.fap"
"Games","reaction.fap","Games/reaction.fap","C:\Users\VIP\Desktop\all-the-apps-extra\extra_pack_build\artifacts-extra\Games\reaction.fap"
"Games","reversi.fap","Games/reversi.fap","C:\Users\VIP\Desktop\all-the-apps-extra\extra_pack_build\artifacts-extra\Games\reversi.fap"
"Games","roots_of_life.fap","Games/roots_of_life.fap","C:\Users\VIP\Desktop\all-the-apps-extra\extra_pack_build\artifacts-extra\Games\roots_of_life.fap"
"Games","rubiks_cube_scrambler.fap","Games/rubiks_cube_scrambler.fap","C:\Users\VIP\Desktop\all-the-apps-extra\extra_pack_build\artifacts-extra\Games\rubiks_cube_scrambler.fap"
"Games","schip.fap","Games/schip.fap","C:\Users\VIP\Desktop\all-the-apps-extra\extra_pack_build\artifacts-extra\Games\schip.fap"
"Games","scorched_tanks.fap","Games/scorched_tanks.fap","C:\Users\VIP\Desktop\all-the-apps-extra\extra_pack_build\artifacts-extra\Games\scorched_tanks.fap"
"Games","secret_toggle.fap","Games/secret_toggle.fap","C:\Users\VIP\Desktop\all-the-apps-extra\extra_pack_build\artifacts-extra\Games\secret_toggle.fap"
"Games","simon_says.fap","Games/simon_says.fap","C:\Users\VIP\Desktop\all-the-apps-extra\extra_pack_build\artifacts-extra\Games\simon_says.fap"
"Games","slotmachine.fap","Games/slotmachine.fap","C:\Users\VIP\Desktop\all-the-apps-extra\extra_pack_build\artifacts-extra\Games\slotmachine.fap"
"Games","snake20.fap","Games/snake20.fap","C:\Users\VIP\Desktop\all-the-apps-extra\extra_pack_build\artifacts-extra\Games\snake20.fap"
"Games","spaceimpactii985e.fap","Games/spaceimpactii985e.fap","C:\Users\VIP\Desktop\all-the-apps-extra\extra_pack_build\artifacts-extra\Games\spaceimpactii985e.fap"
"Games","sudoku.fap","Games/sudoku.fap","C:\Users\VIP\Desktop\all-the-apps-extra\extra_pack_build\artifacts-extra\Games\sudoku.fap"
"Games","t_rex_runner.fap","Games/t_rex_runner.fap","C:\Users\VIP\Desktop\all-the-apps-extra\extra_pack_build\artifacts-extra\Games\t_rex_runner.fap"
"Games","tama_p1.fap","Games/tama_p1.fap","C:\Users\VIP\Desktop\all-the-apps-extra\extra_pack_build\artifacts-extra\Games\tama_p1.fap"
"Games","tanks.fap","Games/tanks.fap","C:\Users\VIP\Desktop\all-the-apps-extra\extra_pack_build\artifacts-extra\Games\tanks.fap"
"Games","tarot.fap","Games/tarot.fap","C:\Users\VIP\Desktop\all-the-apps-extra\extra_pack_build\artifacts-extra\Games\tarot.fap"
"Games","videopoker.fap","Games/videopoker.fap","C:\Users\VIP\Desktop\all-the-apps-extra\extra_pack_build\artifacts-extra\Games\videopoker.fap"
"Games","wave.fap","Games/wave.fap","C:\Users\VIP\Desktop\all-the-apps-extra\extra_pack_build\artifacts-extra\Games\wave.fap"
"Games","wolfenduino.fap","Games/wolfenduino.fap","C:\Users\VIP\Desktop\all-the-apps-extra\extra_pack_build\artifacts-extra\Games\wolfenduino.fap"
"Games","yatzee.fap","Games/yatzee.fap","C:\Users\VIP\Desktop\all-the-apps-extra\extra_pack_build\artifacts-extra\Games\yatzee.fap"
"GPIO","24cxxprog.fap","GPIO/24cxxprog.fap","C:\Users\VIP\Desktop\all-the-apps-extra\extra_pack_build\artifacts-extra\GPIO\24cxxprog.fap"
"GPIO","air_mouse.fap","GPIO/air_mouse.fap","C:\Users\VIP\Desktop\all-the-apps-extra\extra_pack_build\artifacts-extra\GPIO\air_mouse.fap"
"GPIO","airmon.fap","GPIO/airmon.fap","C:\Users\VIP\Desktop\all-the-apps-extra\extra_pack_build\artifacts-extra\GPIO\airmon.fap"
"GPIO","bc_scanner.fap","GPIO/bc_scanner.fap","C:\Users\VIP\Desktop\all-the-apps-extra\extra_pack_build\artifacts-extra\GPIO\bc_scanner.fap"
"GPIO","camera.fap","GPIO/camera.fap","C:\Users\VIP\Desktop\all-the-apps-extra\extra_pack_build\artifacts-extra\GPIO\camera.fap"
"GPIO","can_commander.fap","GPIO/can_commander.fap","C:\Users\VIP\Desktop\all-the-apps-extra\extra_pack_build\artifacts-extra\GPIO\can_commander.fap"
"GPIO","coffee_eeprom.fap","GPIO/coffee_eeprom.fap","C:\Users\VIP\Desktop\all-the-apps-extra\extra_pack_build\artifacts-extra\GPIO\coffee_eeprom.fap"
"GPIO","coleco.fap","GPIO/coleco.fap","C:\Users\VIP\Desktop\all-the-apps-extra\extra_pack_build\artifacts-extra\GPIO\coleco.fap"
"GPIO","esp_flasher.fap","GPIO/esp_flasher.fap","C:\Users\VIP\Desktop\all-the-apps-extra\extra_pack_build\artifacts-extra\GPIO\esp_flasher.fap"
"GPIO","esp8266_ifttt_virtual_button.fap","GPIO/esp8266_ifttt_virtual_button.fap","C:\Users\VIP\Desktop\all-the-apps-extra\extra_pack_build\artifacts-extra\GPIO\esp8266_ifttt_virtual_button.fap"
"GPIO","esp8266_wifi_deauther_v2.fap","GPIO/esp8266_wifi_deauther_v2.fap","C:\Users\VIP\Desktop\all-the-apps-extra\extra_pack_build\artifacts-extra\GPIO\esp8266_wifi_deauther_v2.fap"
"GPIO","eth_troubleshooter.fap","GPIO/eth_troubleshooter.fap","C:\Users\VIP\Desktop\all-the-apps-extra\extra_pack_build\artifacts-extra\GPIO\eth_troubleshooter.fap"
"GPIO","evil_portal.fap","GPIO/evil_portal.fap","C:\Users\VIP\Desktop\all-the-apps-extra\extra_pack_build\artifacts-extra\GPIO\evil_portal.fap"
"GPIO","flashlight.fap","GPIO/flashlight.fap","C:\Users\VIP\Desktop\all-the-apps-extra\extra_pack_build\artifacts-extra\GPIO\flashlight.fap"
"GPIO","flipagotchi.fap","GPIO/flipagotchi.fap","C:\Users\VIP\Desktop\all-the-apps-extra\extra_pack_build\artifacts-extra\GPIO\flipagotchi.fap"
"GPIO","flipper_atomicdiceroller.fap","GPIO/flipper_atomicdiceroller.fap","C:\Users\VIP\Desktop\all-the-apps-extra\extra_pack_build\artifacts-extra\GPIO\flipper_atomicdiceroller.fap"
"GPIO","flipper_geiger.fap","GPIO/flipper_geiger.fap","C:\Users\VIP\Desktop\all-the-apps-extra\extra_pack_build\artifacts-extra\GPIO\flipper_geiger.fap"
"GPIO","flipper_spi_terminal.fap","GPIO/flipper_spi_terminal.fap","C:\Users\VIP\Desktop\all-the-apps-extra\extra_pack_build\artifacts-extra\GPIO\flipper_spi_terminal.fap"
"GPIO","flipperscope.fap","GPIO/flipperscope.fap","C:\Users\VIP\Desktop\all-the-apps-extra\extra_pack_build\artifacts-extra\GPIO\flipperscope.fap"
"GPIO","fmradio_controller.fap","GPIO/fmradio_controller.fap","C:\Users\VIP\Desktop\all-the-apps-extra\extra_pack_build\artifacts-extra\GPIO\fmradio_controller.fap"
"GPIO","ghost_esp.fap","GPIO/ghost_esp.fap","C:\Users\VIP\Desktop\all-the-apps-extra\extra_pack_build\artifacts-extra\GPIO\ghost_esp.fap"
"GPIO","gpio_7segment_output.fap","GPIO/gpio_7segment_output.fap","C:\Users\VIP\Desktop\all-the-apps-extra\extra_pack_build\artifacts-extra\GPIO\gpio_7segment_output.fap"
"GPIO","gpio_controller.fap","GPIO/gpio_controller.fap","C:\Users\VIP\Desktop\all-the-apps-extra\extra_pack_build\artifacts-extra\GPIO\gpio_controller.fap"
"GPIO","gpio_reader.fap","GPIO/gpio_reader.fap","C:\Users\VIP\Desktop\all-the-apps-extra\extra_pack_build\artifacts-extra\GPIO\gpio_reader.fap"
"GPIO","gpio_timelapse.fap","GPIO/gpio_timelapse.fap","C:\Users\VIP\Desktop\all-the-apps-extra\extra_pack_build\artifacts-extra\GPIO\gpio_timelapse.fap"
"GPIO","gpioreader2.fap","GPIO/gpioreader2.fap","C:\Users\VIP\Desktop\all-the-apps-extra\extra_pack_build\artifacts-extra\GPIO\gpioreader2.fap"
"GPIO","gps_track.fap","GPIO/gps_track.fap","C:\Users\VIP\Desktop\all-the-apps-extra\extra_pack_build\artifacts-extra\GPIO\gps_track.fap"
"GPIO","ina_meter.fap","GPIO/ina_meter.fap","C:\Users\VIP\Desktop\all-the-apps-extra\extra_pack_build\artifacts-extra\GPIO\ina_meter.fap"
"GPIO","lan_tester.fap","GPIO/lan_tester.fap","C:\Users\VIP\Desktop\all-the-apps-extra\extra_pack_build\artifacts-extra\GPIO\lan_tester.fap"
"GPIO","logic_analyzer.fap","GPIO/logic_analyzer.fap","C:\Users\VIP\Desktop\all-the-apps-extra\extra_pack_build\artifacts-extra\GPIO\logic_analyzer.fap"
"GPIO","longwave_clock.fap","GPIO/longwave_clock.fap","C:\Users\VIP\Desktop\all-the-apps-extra\extra_pack_build\artifacts-extra\GPIO\longwave_clock.fap"
"GPIO","lora_terminal.fap","GPIO/lora_terminal.fap","C:\Users\VIP\Desktop\all-the-apps-extra\extra_pack_build\artifacts-extra\GPIO\lora_terminal.fap"
"GPIO","magspoof.fap","GPIO/magspoof.fap","C:\Users\VIP\Desktop\all-the-apps-extra\extra_pack_build\artifacts-extra\GPIO\magspoof.fap"
"GPIO","memsic_2125.fap","GPIO/memsic_2125.fap","C:\Users\VIP\Desktop\all-the-apps-extra\extra_pack_build\artifacts-extra\GPIO\memsic_2125.fap"
"GPIO","mh_z19.fap","GPIO/mh_z19.fap","C:\Users\VIP\Desktop\all-the-apps-extra\extra_pack_build\artifacts-extra\GPIO\mh_z19.fap"
"GPIO","nrf24_batch.fap","GPIO/nrf24_batch.fap","C:\Users\VIP\Desktop\all-the-apps-extra\extra_pack_build\artifacts-extra\GPIO\nrf24_batch.fap"
"GPIO","nrf24_mouse_jacker_ms.fap","GPIO/nrf24_mouse_jacker_ms.fap","C:\Users\VIP\Desktop\all-the-apps-extra\extra_pack_build\artifacts-extra\GPIO\nrf24_mouse_jacker_ms.fap"
"GPIO","nrf24_scanner.fap","GPIO/nrf24_scanner.fap","C:\Users\VIP\Desktop\all-the-apps-extra\extra_pack_build\artifacts-extra\GPIO\nrf24_scanner.fap"
"GPIO","nrf24_sniffer_ms.fap","GPIO/nrf24_sniffer_ms.fap","C:\Users\VIP\Desktop\all-the-apps-extra\extra_pack_build\artifacts-extra\GPIO\nrf24_sniffer_ms.fap"
"GPIO","nrf24channelscanner.fap","GPIO/nrf24channelscanner.fap","C:\Users\VIP\Desktop\all-the-apps-extra\extra_pack_build\artifacts-extra\GPIO\nrf24channelscanner.fap"
"GPIO","nrf24tool.fap","GPIO/nrf24tool.fap","C:\Users\VIP\Desktop\all-the-apps-extra\extra_pack_build\artifacts-extra\GPIO\nrf24tool.fap"
"GPIO","pokemon.fap","GPIO/pokemon.fap","C:\Users\VIP\Desktop\all-the-apps-extra\extra_pack_build\artifacts-extra\GPIO\pokemon.fap"
"GPIO","rad_sens.fap","GPIO/rad_sens.fap","C:\Users\VIP\Desktop\all-the-apps-extra\extra_pack_build\artifacts-extra\GPIO\rad_sens.fap"
"GPIO","rcwl_0516.fap","GPIO/rcwl_0516.fap","C:\Users\VIP\Desktop\all-the-apps-extra\extra_pack_build\artifacts-extra\GPIO\rcwl_0516.fap"
"GPIO","sd_spi_app.fap","GPIO/sd_spi_app.fap","C:\Users\VIP\Desktop\all-the-apps-extra\extra_pack_build\artifacts-extra\GPIO\sd_spi_app.fap"
"GPIO","servotester.fap","GPIO/servotester.fap","C:\Users\VIP\Desktop\all-the-apps-extra\extra_pack_build\artifacts-extra\GPIO\servotester.fap"
"GPIO","servotester2.fap","GPIO/servotester2.fap","C:\Users\VIP\Desktop\all-the-apps-extra\extra_pack_build\artifacts-extra\GPIO\servotester2.fap"
"GPIO","simultaneous_rfid_reader.fap","GPIO/simultaneous_rfid_reader.fap","C:\Users\VIP\Desktop\all-the-apps-extra\extra_pack_build\artifacts-extra\GPIO\simultaneous_rfid_reader.fap"
"GPIO","ssd1306_test.fap","GPIO/ssd1306_test.fap","C:\Users\VIP\Desktop\all-the-apps-extra\extra_pack_build\artifacts-extra\GPIO\ssd1306_test.fap"
"GPIO","stepcounter.fap","GPIO/stepcounter.fap","C:\Users\VIP\Desktop\all-the-apps-extra\extra_pack_build\artifacts-extra\GPIO\stepcounter.fap"
"GPIO","tesla_mod.fap","GPIO/tesla_mod.fap","C:\Users\VIP\Desktop\all-the-apps-extra\extra_pack_build\artifacts-extra\GPIO\tesla_mod.fap"
"GPIO","ublox.fap","GPIO/ublox.fap","C:\Users\VIP\Desktop\all-the-apps-extra\extra_pack_build\artifacts-extra\GPIO\ublox.fap"
"GPIO","uhf_rfid.fap","GPIO/uhf_rfid.fap","C:\Users\VIP\Desktop\all-the-apps-extra\extra_pack_build\artifacts-extra\GPIO\uhf_rfid.fap"
"GPIO","usping.fap","GPIO/usping.fap","C:\Users\VIP\Desktop\all-the-apps-extra\extra_pack_build\artifacts-extra\GPIO\usping.fap"
"GPIO","vario.fap","GPIO/vario.fap","C:\Users\VIP\Desktop\all-the-apps-extra\extra_pack_build\artifacts-extra\GPIO\vario.fap"
"GPIO","video_game_module_console.fap","GPIO/video_game_module_console.fap","C:\Users\VIP\Desktop\all-the-apps-extra\extra_pack_build\artifacts-extra\GPIO\video_game_module_console.fap"
"GPIO","wch_swio_flasher.fap","GPIO/wch_swio_flasher.fap","C:\Users\VIP\Desktop\all-the-apps-extra\extra_pack_build\artifacts-extra\GPIO\wch_swio_flasher.fap"
"GPIO","wiegand_reader.fap","GPIO/wiegand_reader.fap","C:\Users\VIP\Desktop\all-the-apps-extra\extra_pack_build\artifacts-extra\GPIO\wiegand_reader.fap"
"GPIO","wifi_map.fap","GPIO/wifi_map.fap","C:\Users\VIP\Desktop\all-the-apps-extra\extra_pack_build\artifacts-extra\GPIO\wifi_map.fap"
"GPIO","wii_ec_anal.fap","GPIO/wii_ec_anal.fap","C:\Users\VIP\Desktop\all-the-apps-extra\extra_pack_build\artifacts-extra\GPIO\wii_ec_anal.fap"
"GPIO","wire_tester.fap","GPIO/wire_tester.fap","C:\Users\VIP\Desktop\all-the-apps-extra\extra_pack_build\artifacts-extra\GPIO\wire_tester.fap"
"GPIO","ws2812b_tester_app.fap","GPIO/ws2812b_tester_app.fap","C:\Users\VIP\Desktop\all-the-apps-extra\extra_pack_build\artifacts-extra\GPIO\ws2812b_tester_app.fap"
"Infrared","flame_rng.fap","Infrared/flame_rng.fap","C:\Users\VIP\Desktop\all-the-apps-extra\extra_pack_build\artifacts-extra\Infrared\flame_rng.fap"
"Infrared","flip_rob.fap","Infrared/flip_rob.fap","C:\Users\VIP\Desktop\all-the-apps-extra\extra_pack_build\artifacts-extra\Infrared\flip_rob.fap"
"Infrared","flipirfreq.fap","Infrared/flipirfreq.fap","C:\Users\VIP\Desktop\all-the-apps-extra\extra_pack_build\artifacts-extra\Infrared\flipirfreq.fap"
"Infrared","flipper_xremote.fap","Infrared/flipper_xremote.fap","C:\Users\VIP\Desktop\all-the-apps-extra\extra_pack_build\artifacts-extra\Infrared\flipper_xremote.fap"
"Infrared","ir_intervalometer.fap","Infrared/ir_intervalometer.fap","C:\Users\VIP\Desktop\all-the-apps-extra\extra_pack_build\artifacts-extra\Infrared\ir_intervalometer.fap"
"Infrared","ir_remote.fap","Infrared/ir_remote.fap","C:\Users\VIP\Desktop\all-the-apps-extra\extra_pack_build\artifacts-extra\Infrared\ir_remote.fap"
"Infrared","lidar_emulator.fap","Infrared/lidar_emulator.fap","C:\Users\VIP\Desktop\all-the-apps-extra\extra_pack_build\artifacts-extra\Infrared\lidar_emulator.fap"
"Infrared","pause_timer.fap","Infrared/pause_timer.fap","C:\Users\VIP\Desktop\all-the-apps-extra\extra_pack_build\artifacts-extra\Infrared\pause_timer.fap"
"Infrared","tagtinker.fap","Infrared/tagtinker.fap","C:\Users\VIP\Desktop\all-the-apps-extra\extra_pack_build\artifacts-extra\Infrared\tagtinker.fap"
"Infrared","timed_remote.fap","Infrared/timed_remote.fap","C:\Users\VIP\Desktop\all-the-apps-extra\extra_pack_build\artifacts-extra\Infrared\timed_remote.fap"
"Infrared","xbox_controller.fap","Infrared/xbox_controller.fap","C:\Users\VIP\Desktop\all-the-apps-extra\extra_pack_build\artifacts-extra\Infrared\xbox_controller.fap"
"Media","atm.fap","Media/atm.fap","C:\Users\VIP\Desktop\all-the-apps-extra\extra_pack_build\artifacts-extra\Media\atm.fap"
"Media","bpm_tapper.fap","Media/bpm_tapper.fap","C:\Users\VIP\Desktop\all-the-apps-extra\extra_pack_build\artifacts-extra\Media\bpm_tapper.fap"
"Media","c_book.fap","Media/c_book.fap","C:\Users\VIP\Desktop\all-the-apps-extra\extra_pack_build\artifacts-extra\Media\c_book.fap"
"Media","crypto_dict.fap","Media/crypto_dict.fap","C:\Users\VIP\Desktop\all-the-apps-extra\extra_pack_build\artifacts-extra\Media\crypto_dict.fap"
"Media","executor_keychain.fap","Media/executor_keychain.fap","C:\Users\VIP\Desktop\all-the-apps-extra\extra_pack_build\artifacts-extra\Media\executor_keychain.fap"
"Media","flizzer_tracker.fap","Media/flizzer_tracker.fap","C:\Users\VIP\Desktop\all-the-apps-extra\extra_pack_build\artifacts-extra\Media\flizzer_tracker.fap"
"Media","music_beeper.fap","Media/music_beeper.fap","C:\Users\VIP\Desktop\all-the-apps-extra\extra_pack_build\artifacts-extra\Media\music_beeper.fap"
"Media","ocarina.fap","Media/ocarina.fap","C:\Users\VIP\Desktop\all-the-apps-extra\extra_pack_build\artifacts-extra\Media\ocarina.fap"
"Media","text2sam.fap","Media/text2sam.fap","C:\Users\VIP\Desktop\all-the-apps-extra\extra_pack_build\artifacts-extra\Media\text2sam.fap"
"Media","tuning_fork.fap","Media/tuning_fork.fap","C:\Users\VIP\Desktop\all-the-apps-extra\extra_pack_build\artifacts-extra\Media\tuning_fork.fap"
"Media","usb_midi.fap","Media/usb_midi.fap","C:\Users\VIP\Desktop\all-the-apps-extra\extra_pack_build\artifacts-extra\Media\usb_midi.fap"
"Media","video_player.fap","Media/video_player.fap","C:\Users\VIP\Desktop\all-the-apps-extra\extra_pack_build\artifacts-extra\Media\video_player.fap"
"Media","zero_tracker.fap","Media/zero_tracker.fap","C:\Users\VIP\Desktop\all-the-apps-extra\extra_pack_build\artifacts-extra\Media\zero_tracker.fap"
"NFC","ami_tool.fap","NFC/ami_tool.fap","C:\Users\VIP\Desktop\all-the-apps-extra\extra_pack_build\artifacts-extra\NFC\ami_tool.fap"
"NFC","iso15693_nfc_writer.fap","NFC/iso15693_nfc_writer.fap","C:\Users\VIP\Desktop\all-the-apps-extra\extra_pack_build\artifacts-extra\NFC\iso15693_nfc_writer.fap"
"NFC","metroflip.fap","NFC/metroflip.fap","C:\Users\VIP\Desktop\all-the-apps-extra\extra_pack_build\artifacts-extra\NFC\metroflip.fap"
"NFC","mfp_reader.fap","NFC/mfp_reader.fap","C:\Users\VIP\Desktop\all-the-apps-extra\extra_pack_build\artifacts-extra\NFC\mfp_reader.fap"
"NFC","mifare_fuzzer.fap","NFC/mifare_fuzzer.fap","C:\Users\VIP\Desktop\all-the-apps-extra\extra_pack_build\artifacts-extra\NFC\mifare_fuzzer.fap"
"NFC","nfc_apdu_runner.fap","NFC/nfc_apdu_runner.fap","C:\Users\VIP\Desktop\all-the-apps-extra\extra_pack_build\artifacts-extra\NFC\nfc_apdu_runner.fap"
"NFC","nfc_comparator.fap","NFC/nfc_comparator.fap","C:\Users\VIP\Desktop\all-the-apps-extra\extra_pack_build\artifacts-extra\NFC\nfc_comparator.fap"
"NFC","nfc_login.fap","NFC/nfc_login.fap","C:\Users\VIP\Desktop\all-the-apps-extra\extra_pack_build\artifacts-extra\NFC\nfc_login.fap"
"NFC","nfc_playlist.fap","NFC/nfc_playlist.fap","C:\Users\VIP\Desktop\all-the-apps-extra\extra_pack_build\artifacts-extra\NFC\nfc_playlist.fap"
"NFC","nfc_stock_manager.fap","NFC/nfc_stock_manager.fap","C:\Users\VIP\Desktop\all-the-apps-extra\extra_pack_build\artifacts-extra\NFC\nfc_stock_manager.fap"
"NFC","passy.fap","NFC/passy.fap","C:\Users\VIP\Desktop\all-the-apps-extra\extra_pack_build\artifacts-extra\NFC\passy.fap"
"NFC","saflip.fap","NFC/saflip.fap","C:\Users\VIP\Desktop\all-the-apps-extra\extra_pack_build\artifacts-extra\NFC\saflip.fap"
"NFC","seader.fap","NFC/seader.fap","C:\Users\VIP\Desktop\all-the-apps-extra\extra_pack_build\artifacts-extra\NFC\seader.fap"
"NFC","seos.fap","NFC/seos.fap","C:\Users\VIP\Desktop\all-the-apps-extra\extra_pack_build\artifacts-extra\NFC\seos.fap"
"NFC","uk_mbirth_sonicare.fap","NFC/uk_mbirth_sonicare.fap","C:\Users\VIP\Desktop\all-the-apps-extra\extra_pack_build\artifacts-extra\NFC\uk_mbirth_sonicare.fap"
"NFC","ulc_brute.fap","NFC/ulc_brute.fap","C:\Users\VIP\Desktop\all-the-apps-extra\extra_pack_build\artifacts-extra\NFC\ulc_brute.fap"
"NFC","ulc_relay.fap","NFC/ulc_relay.fap","C:\Users\VIP\Desktop\all-the-apps-extra\extra_pack_build\artifacts-extra\NFC\ulc_relay.fap"
"NFC","ulcfkey_next.fap","NFC/ulcfkey_next.fap","C:\Users\VIP\Desktop\all-the-apps-extra\extra_pack_build\artifacts-extra\NFC\ulcfkey_next.fap"
"NFC","ulcfkey.fap","NFC/ulcfkey.fap","C:\Users\VIP\Desktop\all-the-apps-extra\extra_pack_build\artifacts-extra\NFC\ulcfkey.fap"
"NFC","vb_migrate.fap","NFC/vb_migrate.fap","C:\Users\VIP\Desktop\all-the-apps-extra\extra_pack_build\artifacts-extra\NFC\vb_migrate.fap"
"NFC","vk_thermo.fap","NFC/vk_thermo.fap","C:\Users\VIP\Desktop\all-the-apps-extra\extra_pack_build\artifacts-extra\NFC\vk_thermo.fap"
"NFC","weebo.fap","NFC/weebo.fap","C:\Users\VIP\Desktop\all-the-apps-extra\extra_pack_build\artifacts-extra\NFC\weebo.fap"
"RFID","fdxb_maker.fap","RFID/fdxb_maker.fap","C:\Users\VIP\Desktop\all-the-apps-extra\extra_pack_build\artifacts-extra\RFID\fdxb_maker.fap"
"RFID","flipper_rfidbeacon.fap","RFID/flipper_rfidbeacon.fap","C:\Users\VIP\Desktop\all-the-apps-extra\extra_pack_build\artifacts-extra\RFID\flipper_rfidbeacon.fap"
"RFID","key_generator.fap","RFID/key_generator.fap","C:\Users\VIP\Desktop\all-the-apps-extra\extra_pack_build\artifacts-extra\RFID\key_generator.fap"
"RFID","rfid_metal_detector.fap","RFID/rfid_metal_detector.fap","C:\Users\VIP\Desktop\all-the-apps-extra\extra_pack_build\artifacts-extra\RFID\rfid_metal_detector.fap"
"RFID","t5577_multiwriter.fap","RFID/t5577_multiwriter.fap","C:\Users\VIP\Desktop\all-the-apps-extra\extra_pack_build\artifacts-extra\RFID\t5577_multiwriter.fap"
"RFID","t5577_writer.fap","RFID/t5577_writer.fap","C:\Users\VIP\Desktop\all-the-apps-extra\extra_pack_build\artifacts-extra\RFID\t5577_writer.fap"
"Sub-GHz","allstar_firefly.fap","Sub-GHz/allstar_firefly.fap","C:\Users\VIP\Desktop\all-the-apps-extra\extra_pack_build\artifacts-extra\Sub-GHz\allstar_firefly.fap"
"Sub-GHz","chief_cooker.fap","Sub-GHz/chief_cooker.fap","C:\Users\VIP\Desktop\all-the-apps-extra\extra_pack_build\artifacts-extra\Sub-GHz\chief_cooker.fap"
"Sub-GHz","esubghz_chat.fap","Sub-GHz/esubghz_chat.fap","C:\Users\VIP\Desktop\all-the-apps-extra\extra_pack_build\artifacts-extra\Sub-GHz\esubghz_chat.fap"
"Sub-GHz","fmf_to_sub.fap","Sub-GHz/fmf_to_sub.fap","C:\Users\VIP\Desktop\all-the-apps-extra\extra_pack_build\artifacts-extra\Sub-GHz\fmf_to_sub.fap"
"Sub-GHz","freq_analyzer_ext.fap","Sub-GHz/freq_analyzer_ext.fap","C:\Users\VIP\Desktop\all-the-apps-extra\extra_pack_build\artifacts-extra\Sub-GHz\freq_analyzer_ext.fap"
"Sub-GHz","genie_record.fap","Sub-GHz/genie_record.fap","C:\Users\VIP\Desktop\all-the-apps-extra\extra_pack_build\artifacts-extra\Sub-GHz\genie_record.fap"
"Sub-GHz","meal_pager.fap","Sub-GHz/meal_pager.fap","C:\Users\VIP\Desktop\all-the-apps-extra\extra_pack_build\artifacts-extra\Sub-GHz\meal_pager.fap"
"Sub-GHz","shapshup.fap","Sub-GHz/shapshup.fap","C:\Users\VIP\Desktop\all-the-apps-extra\extra_pack_build\artifacts-extra\Sub-GHz\shapshup.fap"
"Sub-GHz","sub_analyzer.fap","Sub-GHz/sub_analyzer.fap","C:\Users\VIP\Desktop\all-the-apps-extra\extra_pack_build\artifacts-extra\Sub-GHz\sub_analyzer.fap"
"Sub-GHz","sub_dup_finder.fap","Sub-GHz/sub_dup_finder.fap","C:\Users\VIP\Desktop\all-the-apps-extra\extra_pack_build\artifacts-extra\Sub-GHz\sub_dup_finder.fap"
"Sub-GHz","subghz_playlist_creator.fap","Sub-GHz/subghz_playlist_creator.fap","C:\Users\VIP\Desktop\all-the-apps-extra\extra_pack_build\artifacts-extra\Sub-GHz\subghz_playlist_creator.fap"
"Sub-GHz","subghz_raw_edit.fap","Sub-GHz/subghz_raw_edit.fap","C:\Users\VIP\Desktop\all-the-apps-extra\extra_pack_build\artifacts-extra\Sub-GHz\subghz_raw_edit.fap"
"Sub-GHz","subghz_signal_gen.fap","Sub-GHz/subghz_signal_gen.fap","C:\Users\VIP\Desktop\all-the-apps-extra\extra_pack_build\artifacts-extra\Sub-GHz\subghz_signal_gen.fap"
"Sub-GHz","tpms.fap","Sub-GHz/tpms.fap","C:\Users\VIP\Desktop\all-the-apps-extra\extra_pack_build\artifacts-extra\Sub-GHz\tpms.fap"
"Sub-GHz","wmbuster.fap","Sub-GHz/wmbuster.fap","C:\Users\VIP\Desktop\all-the-apps-extra\extra_pack_build\artifacts-extra\Sub-GHz\wmbuster.fap"
"Tools","analog_clock.fap","Tools/analog_clock.fap","C:\Users\VIP\Desktop\all-the-apps-extra\extra_pack_build\artifacts-extra\Tools\analog_clock.fap"
"Tools","brainfuck.fap","Tools/brainfuck.fap","C:\Users\VIP\Desktop\all-the-apps-extra\extra_pack_build\artifacts-extra\Tools\brainfuck.fap"
"Tools","caesar_cipher.fap","Tools/caesar_cipher.fap","C:\Users\VIP\Desktop\all-the-apps-extra\extra_pack_build\artifacts-extra\Tools\caesar_cipher.fap"
"Tools","calculator.fap","Tools/calculator.fap","C:\Users\VIP\Desktop\all-the-apps-extra\extra_pack_build\artifacts-extra\Tools\calculator.fap"
"Tools","calendar.fap","Tools/calendar.fap","C:\Users\VIP\Desktop\all-the-apps-extra\extra_pack_build\artifacts-extra\Tools\calendar.fap"
"Tools","can_tools.fap","Tools/can_tools.fap","C:\Users\VIP\Desktop\all-the-apps-extra\extra_pack_build\artifacts-extra\Tools\can_tools.fap"
"Tools","cntdown_tim.fap","Tools/cntdown_tim.fap","C:\Users\VIP\Desktop\all-the-apps-extra\extra_pack_build\artifacts-extra\Tools\cntdown_tim.fap"
"Tools","combo_cracker.fap","Tools/combo_cracker.fap","C:\Users\VIP\Desktop\all-the-apps-extra\extra_pack_build\artifacts-extra\Tools\combo_cracker.fap"
"Tools","counter.fap","Tools/counter.fap","C:\Users\VIP\Desktop\all-the-apps-extra\extra_pack_build\artifacts-extra\Tools\counter.fap"
"Tools","dcf77_clock_spoof.fap","Tools/dcf77_clock_spoof.fap","C:\Users\VIP\Desktop\all-the-apps-extra\extra_pack_build\artifacts-extra\Tools\dcf77_clock_spoof.fap"
"Tools","dcf77.fap","Tools/dcf77.fap","C:\Users\VIP\Desktop\all-the-apps-extra\extra_pack_build\artifacts-extra\Tools\dcf77.fap"
"Tools","flip_crypt.fap","Tools/flip_crypt.fap","C:\Users\VIP\Desktop\all-the-apps-extra\extra_pack_build\artifacts-extra\Tools\flip_crypt.fap"
"Tools","flipbip.fap","Tools/flipbip.fap","C:\Users\VIP\Desktop\all-the-apps-extra\extra_pack_build\artifacts-extra\Tools\flipbip.fap"
"Tools","flipp_pomodoro.fap","Tools/flipp_pomodoro.fap","C:\Users\VIP\Desktop\all-the-apps-extra\extra_pack_build\artifacts-extra\Tools\flipp_pomodoro.fap"
"Tools","flipper_chronometer.fap","Tools/flipper_chronometer.fap","C:\Users\VIP\Desktop\all-the-apps-extra\extra_pack_build\artifacts-extra\Tools\flipper_chronometer.fap"
"Tools","flipper_wedge.fap","Tools/flipper_wedge.fap","C:\Users\VIP\Desktop\all-the-apps-extra\extra_pack_build\artifacts-extra\Tools\flipper_wedge.fap"
"Tools","fordradiocode.fap","Tools/fordradiocode.fap","C:\Users\VIP\Desktop\all-the-apps-extra\extra_pack_build\artifacts-extra\Tools\fordradiocode.fap"
"Tools","hex_editor.fap","Tools/hex_editor.fap","C:\Users\VIP\Desktop\all-the-apps-extra\extra_pack_build\artifacts-extra\Tools\hex_editor.fap"
"Tools","iconedit.fap","Tools/iconedit.fap","C:\Users\VIP\Desktop\all-the-apps-extra\extra_pack_build\artifacts-extra\Tools\iconedit.fap"
"Tools","key_copier.fap","Tools/key_copier.fap","C:\Users\VIP\Desktop\all-the-apps-extra\extra_pack_build\artifacts-extra\Tools\key_copier.fap"
"Tools","multi_counter.fap","Tools/multi_counter.fap","C:\Users\VIP\Desktop\all-the-apps-extra\extra_pack_build\artifacts-extra\Tools\multi_counter.fap"
"Tools","nickname_generator.fap","Tools/nickname_generator.fap","C:\Users\VIP\Desktop\all-the-apps-extra\extra_pack_build\artifacts-extra\Tools\nickname_generator.fap"
"Tools","nightstand.fap","Tools/nightstand.fap","C:\Users\VIP\Desktop\all-the-apps-extra\extra_pack_build\artifacts-extra\Tools\nightstand.fap"
"Tools","passgen.fap","Tools/passgen.fap","C:\Users\VIP\Desktop\all-the-apps-extra\extra_pack_build\artifacts-extra\Tools\passgen.fap"
"Tools","pomodoro_timer.fap","Tools/pomodoro_timer.fap","C:\Users\VIP\Desktop\all-the-apps-extra\extra_pack_build\artifacts-extra\Tools\pomodoro_timer.fap"
"Tools","programmercalc.fap","Tools/programmercalc.fap","C:\Users\VIP\Desktop\all-the-apps-extra\extra_pack_build\artifacts-extra\Tools\programmercalc.fap"
"Tools","qrcode.fap","Tools/qrcode.fap","C:\Users\VIP\Desktop\all-the-apps-extra\extra_pack_build\artifacts-extra\Tools\qrcode.fap"
"Tools","resistors.fap","Tools/resistors.fap","C:\Users\VIP\Desktop\all-the-apps-extra\extra_pack_build\artifacts-extra\Tools\resistors.fap"
"Tools","sd_info.fap","Tools/sd_info.fap","C:\Users\VIP\Desktop\all-the-apps-extra\extra_pack_build\artifacts-extra\Tools\sd_info.fap"
"Tools","segment_clock.fap","Tools/segment_clock.fap","C:\Users\VIP\Desktop\all-the-apps-extra\extra_pack_build\artifacts-extra\Tools\segment_clock.fap"
"Tools","theme_manager.fap","Tools/theme_manager.fap","C:\Users\VIP\Desktop\all-the-apps-extra\extra_pack_build\artifacts-extra\Tools\theme_manager.fap"
"Tools","tone_gen.fap","Tools/tone_gen.fap","C:\Users\VIP\Desktop\all-the-apps-extra\extra_pack_build\artifacts-extra\Tools\tone_gen.fap"
"Tools","trackerflipx.fap","Tools/trackerflipx.fap","C:\Users\VIP\Desktop\all-the-apps-extra\extra_pack_build\artifacts-extra\Tools\trackerflipx.fap"
"Tools","upython.fap","Tools/upython.fap","C:\Users\VIP\Desktop\all-the-apps-extra\extra_pack_build\artifacts-extra\Tools\upython.fap"
"Tools","vin_decoder.fap","Tools/vin_decoder.fap","C:\Users\VIP\Desktop\all-the-apps-extra\extra_pack_build\artifacts-extra\Tools\vin_decoder.fap"
"Tools","zerofido.fap","Tools/zerofido.fap","C:\Users\VIP\Desktop\all-the-apps-extra\extra_pack_build\artifacts-extra\Tools\zerofido.fap"
"USB","hidtransfer.fap","USB/hidtransfer.fap","C:\Users\VIP\Desktop\all-the-apps-extra\extra_pack_build\artifacts-extra\USB\hidtransfer.fap"
"USB","ldtoypad.fap","USB/ldtoypad.fap","C:\Users\VIP\Desktop\all-the-apps-extra\extra_pack_build\artifacts-extra\USB\ldtoypad.fap"
"USB","usb_ccb.fap","USB/usb_ccb.fap","C:\Users\VIP\Desktop\all-the-apps-extra\extra_pack_build\artifacts-extra\USB\usb_ccb.fap"
"USB","usb_hid_autofire.fap","USB/usb_hid_autofire.fap","C:\Users\VIP\Desktop\all-the-apps-extra\extra_pack_build\artifacts-extra\USB\usb_hid_autofire.fap"
"USB","xinput_controller.fap","USB/xinput_controller.fap","C:\Users\VIP\Desktop\all-the-apps-extra\extra_pack_build\artifacts-extra\USB\xinput_controller.fap"
